-- phpMyAdmin SQL Dump
-- version 4.8.0.1
-- https://www.phpmyadmin.net/
--
-- 主機: 127.0.0.1
-- 產生時間： 2019 年 05 月 08 日 15:52
-- 伺服器版本: 10.1.32-MariaDB
-- PHP 版本： 7.2.5

SET SQL_MODE = "NO_AUTO_VALUE_ON_ZERO";
SET AUTOCOMMIT = 0;
START TRANSACTION;
SET time_zone = "+00:00";


/*!40101 SET @OLD_CHARACTER_SET_CLIENT=@@CHARACTER_SET_CLIENT */;
/*!40101 SET @OLD_CHARACTER_SET_RESULTS=@@CHARACTER_SET_RESULTS */;
/*!40101 SET @OLD_COLLATION_CONNECTION=@@COLLATION_CONNECTION */;
/*!40101 SET NAMES utf8mb4 */;

--
-- 資料庫： `av_delivery`
--

-- --------------------------------------------------------

--
-- 資料表結構 `container`
--

CREATE TABLE `container` (
  `id` int(20) NOT NULL,
  `container_number` varchar(32) NOT NULL,
  `size` int(20) NOT NULL,
  `status` int(10) NOT NULL,
  `lock_password` varchar(32) NOT NULL,
  `truck_id` int(20) NOT NULL
) ENGINE=InnoDB DEFAULT CHARSET=utf8;

-- --------------------------------------------------------

--
-- 資料表結構 `county`
--

CREATE TABLE `county` (
  `id` int(20) NOT NULL,
  `county_name` varchar(32) CHARACTER SET utf8 NOT NULL
) ENGINE=InnoDB DEFAULT CHARSET=utf8 COLLATE=utf8_unicode_ci;

--
-- 資料表的匯出資料 `county`
--

INSERT INTO `county` (`id`, `county_name`) VALUES
(1, '台北市'),
(2, '新北市'),
(3, '桃園市'),
(4, '台中市'),
(5, '台南市'),
(6, '高雄市'),
(7, '基隆市'),
(8, '新竹市'),
(9, '嘉義市'),
(10, '新竹縣'),
(11, '苗栗縣'),
(12, '彰化縣'),
(13, '南投縣'),
(14, '雲林縣'),
(15, '嘉義縣'),
(16, '屏東縣'),
(17, '宜蘭縣'),
(18, '花蓮縣'),
(19, '台東縣'),
(20, '澎湖縣');

-- --------------------------------------------------------

--
-- 資料表結構 `township`
--

CREATE TABLE `township` (
  `id` int(20) NOT NULL,
  `township_name` varchar(32) NOT NULL,
  `county_id` int(20) NOT NULL
) ENGINE=InnoDB DEFAULT CHARSET=utf8;

--
-- 資料表的匯出資料 `township`
--

INSERT INTO `township` (`id`, `township_name`, `county_id`) VALUES
(5, '板橋區', 2),
(6, '三重區', 2),
(7, '中和區', 2),
(8, '永和區', 2),
(9, '新莊區', 2),
(10, '新店區', 2),
(11, '樹林區', 2),
(12, '鶯歌區', 2),
(13, '三峽區', 2),
(14, '淡水區', 2),
(15, '汐止區', 2),
(16, '瑞芳區', 2),
(17, '土城區', 2),
(18, '蘆洲區', 2),
(19, '五股區', 2),
(20, '泰山區', 2),
(21, '林口區', 2),
(22, '深坑區', 2),
(23, '石碇區', 2),
(24, '坪林區', 2),
(25, '三芝區', 2),
(26, '石門區', 2),
(27, '八里區', 2),
(28, '平溪區', 2),
(29, '雙溪區', 2),
(30, '貢寮區', 2),
(31, '金山區', 2),
(32, '萬里區', 2),
(33, '烏來區', 2),
(34, '松山區', 1),
(35, '信義區', 1),
(36, '大安區', 1),
(37, '中山區', 1),
(38, '中正區', 1),
(39, '大同區', 1),
(40, '萬華區', 1),
(41, '文山區', 1),
(42, '南港區', 1),
(43, '內湖區', 1),
(44, '士林區', 1),
(45, '北投區', 1),
(46, '桃園區', 3),
(47, '中壢區', 3),
(48, '大溪區', 3),
(49, '楊梅區', 3),
(50, '蘆竹區', 3),
(51, '大園區', 3),
(52, '龜山區', 3),
(53, '八德區', 3),
(54, '龍潭區', 3),
(55, '平鎮區', 3),
(56, '新屋區', 3),
(57, '觀音區', 3),
(58, '復興區', 3),
(59, '中區', 4),
(60, '東區', 4),
(61, '南區', 4),
(62, '西區', 4),
(63, '北區', 4),
(64, '西屯區', 4),
(65, '南屯區', 4),
(66, '北屯區', 4),
(67, '豐原區', 4),
(68, '東勢區', 4),
(69, '大甲區', 4),
(70, '清水區', 4),
(71, '沙鹿區', 4),
(72, '梧棲區', 4),
(73, '后里區', 4),
(74, '神岡區', 4),
(75, '潭子區', 4),
(76, '大雅區', 4),
(77, '新社區', 4),
(78, '石岡區', 4),
(79, '外埔區', 4),
(80, '大安區', 4),
(81, '烏日區', 4),
(82, '大肚區', 4),
(83, '龍井區', 4),
(84, '霧峰區', 4),
(85, '太平區', 4),
(86, '大里區', 4),
(87, '和平區', 4),
(88, '新營區', 5),
(89, '鹽水區', 5),
(90, '白河區', 5),
(91, '柳營區', 5),
(92, '後壁區', 5),
(93, '東山區', 5),
(94, '麻豆區', 5),
(95, '下營區', 5),
(96, '六甲區', 5),
(97, '官田區', 5),
(98, '大內區', 5),
(99, '佳里區', 5),
(100, '學甲區', 5),
(101, '西港區', 5),
(102, '七股區', 5),
(103, '將軍區', 5),
(104, '北門區', 5),
(105, '新化區', 5),
(106, '善化區', 5),
(107, '新市區', 5),
(108, '安定區', 5),
(109, '山上區', 5),
(110, '玉井區', 5),
(111, '楠西區', 5),
(112, '南化區', 5),
(113, '左鎮區', 5),
(114, '仁德區', 5),
(115, '歸仁區', 5),
(116, '關廟區', 5),
(117, '龍崎區', 5),
(118, '永康區', 5),
(119, '東區', 5),
(120, '南區', 5),
(121, '北區', 5),
(122, '安南區', 5),
(123, '安平區', 5),
(124, '中西區', 5),
(125, '鹽埕區', 6),
(126, '鼓山區', 6),
(127, '左營區', 6),
(128, '楠梓區', 6),
(129, '三民區', 6),
(130, '新興區', 6),
(131, '前金區', 6),
(132, '苓雅區', 6),
(133, '前鎮區', 6),
(134, '旗津區', 6),
(135, '小港區', 6),
(136, '鳳山區', 6),
(137, '林園區', 6),
(138, '大寮區', 6),
(139, '大樹區', 6),
(140, '大社區', 6),
(141, '仁武區', 6),
(142, '鳥松區', 6),
(143, '岡山區', 6),
(144, '橋頭區', 6),
(145, '燕巢區', 6),
(146, '田寮區', 6),
(147, '阿蓮區', 6),
(148, '路竹區', 6),
(149, '湖內區', 6),
(150, '茄萣區', 6),
(151, '永安區', 6),
(152, '彌陀區', 6),
(153, '梓官區', 6),
(154, '旗山區', 6),
(155, '美濃區', 6),
(156, '六龜區', 6),
(157, '甲仙區', 6),
(158, '杉林區', 6),
(159, '內門區', 6),
(160, '茂林區', 6),
(161, '桃源區', 6),
(162, '那瑪夏', 6),
(163, '宜蘭市', 17),
(164, '羅東鎮', 17),
(165, '蘇澳鎮', 17),
(166, '頭城鎮', 17),
(167, '礁溪鄉', 17),
(168, '壯圍鄉', 17),
(169, '員山鄉', 17),
(170, '冬山鄉', 17),
(171, '五結鄉', 17),
(172, '三星鄉', 17),
(173, '大同鄉', 17),
(174, '南澳鄉', 17),
(175, '竹北市', 10),
(176, '關西鎮', 10),
(177, '新埔鎮', 10),
(178, '竹東鎮', 10),
(179, '湖口鄉', 10),
(180, '橫山鄉', 10),
(181, '新豐鄉', 10),
(182, '芎林鄉', 10),
(183, '寶山鄉', 10),
(184, '北埔鄉', 10),
(185, '峨眉鄉', 10),
(186, '尖石鄉', 10),
(187, '五峰鄉', 10),
(188, '苗栗市', 11),
(189, '頭份市', 11),
(190, '苑裡鎮', 11),
(191, '通霄鎮', 11),
(192, '竹南鎮', 11),
(193, '後龍鎮', 11),
(194, '卓蘭鎮', 11),
(195, '大湖鄉', 11),
(196, '公館鄉', 11),
(197, '銅鑼鄉', 11),
(198, '南庄鄉', 11),
(199, '頭屋鄉', 11),
(200, '三義鄉', 11),
(201, '西湖鄉', 11),
(202, '造橋鄉', 11),
(203, '三灣鄉', 11),
(204, '獅潭鄉', 11),
(205, '泰安鄉', 11),
(206, '彰化市', 12),
(207, '員林市', 12),
(208, '鹿港鎮', 12),
(209, '和美鎮', 12),
(210, '北斗鎮', 12),
(211, '溪湖鎮', 12),
(212, '田中鎮', 12),
(213, '二林鎮', 12),
(214, '線西鄉', 12),
(215, '伸港鄉', 12),
(216, '福興鄉', 12),
(217, '秀水鄉', 12),
(218, '花壇鄉', 12),
(219, '芬園鄉', 12),
(220, '大村鄉', 12),
(221, '埔鹽鄉', 12),
(222, '埔心鄉', 12),
(223, '永靖鄉', 12),
(224, '社頭鄉', 12),
(225, '二水鄉', 12),
(226, '田尾鄉', 12),
(227, '埤頭鄉', 12),
(228, '芳苑鄉', 12),
(229, '大城鄉', 12),
(230, '竹塘鄉', 12),
(231, '溪州鄉', 12),
(232, '南投市', 13),
(233, '埔里鎮', 13),
(234, '草屯鎮', 13),
(235, '竹山鎮', 13),
(236, '集集鎮', 13),
(237, '名間鄉', 13),
(238, '鹿谷鄉', 13),
(239, '中寮鄉', 13),
(240, '魚池鄉', 13),
(241, '國姓鄉', 13),
(242, '水里鄉', 13),
(243, '信義鄉', 13),
(244, '仁愛鄉', 13),
(245, '斗六市', 14),
(246, '斗南鎮', 14),
(247, '虎尾鎮', 14),
(248, '西螺鎮', 14),
(249, '土庫鎮', 14),
(250, '北港鎮', 14),
(251, '古坑鄉', 14),
(252, '大埤鄉', 14),
(253, '莿桐鄉', 14),
(254, '林內鄉', 14),
(255, '二崙鄉', 14),
(256, '崙背鄉', 14),
(257, '麥寮鄉', 14),
(258, '東勢鄉', 14),
(259, '褒忠鄉', 14),
(260, '臺西鄉', 14),
(261, '元長鄉', 14),
(262, '四湖鄉', 14),
(263, '口湖鄉', 14),
(264, '水林鄉', 14),
(265, '太保市', 15),
(266, '朴子市', 15),
(267, '布袋鎮', 15),
(268, '大林鎮', 15),
(269, '民雄鄉', 15),
(270, '溪口鄉', 15),
(271, '新港鄉', 15),
(272, '六腳鄉', 15),
(273, '東石鄉', 15),
(274, '義竹鄉', 15),
(275, '鹿草鄉', 15),
(276, '水上鄉', 15),
(277, '中埔鄉', 15),
(278, '竹崎鄉', 15),
(279, '梅山鄉', 15),
(280, '番路鄉', 15),
(281, '大埔鄉', 15),
(282, '阿里山', 15),
(283, '屏東市', 16),
(284, '潮州鎮', 16),
(285, '東港鎮', 16),
(286, '恆春鎮', 16),
(287, '萬丹鄉', 16),
(288, '長治鄉', 16),
(289, '麟洛鄉', 16),
(290, '九如鄉', 16),
(291, '里港鄉', 16),
(292, '鹽埔鄉', 16),
(293, '高樹鄉', 16),
(294, '萬巒鄉', 16),
(295, '內埔鄉', 16),
(296, '竹田鄉', 16),
(297, '新埤鄉', 16),
(298, '枋寮鄉', 16),
(299, '新園鄉', 16),
(300, '崁頂鄉', 16),
(301, '林邊鄉', 16),
(302, '南州鄉', 16),
(303, '佳冬鄉', 16),
(304, '琉球鄉', 16),
(305, '車城鄉', 16),
(306, '滿州鄉', 16),
(307, '枋山鄉', 16),
(308, '三地門', 16),
(309, '霧臺鄉', 16),
(310, '瑪家鄉', 16),
(311, '泰武鄉', 16),
(312, '來義鄉', 16),
(313, '春日鄉', 16),
(314, '獅子鄉', 16),
(315, '牡丹鄉', 16),
(316, '臺東市', 19),
(317, '成功鎮', 19),
(318, '關山鎮', 19),
(319, '卑南鄉', 19),
(320, '大武鄉', 19),
(321, '太麻里', 19),
(322, '東河鄉', 19),
(323, '長濱鄉', 19),
(324, '鹿野鄉', 19),
(325, '池上鄉', 19),
(326, '綠島鄉', 19),
(327, '延平鄉', 19),
(328, '海端鄉', 19),
(329, '達仁鄉', 19),
(330, '金峰鄉', 19),
(331, '蘭嶼鄉', 19),
(332, '花蓮市', 18),
(333, '鳳林鎮', 18),
(334, '玉里鎮', 18),
(335, '新城鄉', 18),
(336, '吉安鄉', 18),
(337, '壽豐鄉', 18),
(338, '光復鄉', 18),
(339, '豐濱鄉', 18),
(340, '瑞穗鄉', 18),
(341, '富里鄉', 18),
(342, '秀林鄉', 18),
(343, '萬榮鄉', 18),
(344, '卓溪鄉', 18),
(345, '馬公市', 20),
(346, '湖西鄉', 20),
(347, '白沙鄉', 20),
(348, '西嶼鄉', 20),
(349, '望安鄉', 20),
(350, '七美鄉', 20),
(351, '中正區', 7),
(352, '七堵區', 7),
(353, '暖暖區', 7),
(354, '仁愛區', 7),
(355, '中山區', 7),
(356, '安樂區', 7),
(357, '信義區', 7),
(358, '東區', 8),
(359, '北區', 8),
(360, '香山區', 8),
(361, '東區', 9),
(362, '西區', 9);

-- --------------------------------------------------------

--
-- 資料表結構 `truck`
--

CREATE TABLE `truck` (
  `id` int(20) NOT NULL,
  `truck_number` varchar(32) NOT NULL,
  `lat_now` decimal(10,8) NOT NULL,
  `lng_now` decimal(11,8) NOT NULL,
  `lat_dest` decimal(10,8) NOT NULL,
  `lng_dest` decimal(11,8) NOT NULL,
  `speed` double NOT NULL
) ENGINE=InnoDB DEFAULT CHARSET=utf8;

-- --------------------------------------------------------

--
-- 資料表結構 `user`
--

CREATE TABLE `user` (
  `user_id` bigint(20) NOT NULL,
  `username` varchar(32) CHARACTER SET latin7 COLLATE latin7_general_cs NOT NULL,
  `password` varchar(64) CHARACTER SET latin7 COLLATE latin7_general_cs NOT NULL,
  `gender` int(11) NOT NULL,
  `phone_number` varchar(20) CHARACTER SET latin7 COLLATE latin7_general_cs NOT NULL,
  `register_time` datetime NOT NULL,
  `user_address` varchar(255) COLLATE utf8_unicode_ci NOT NULL
) ENGINE=InnoDB DEFAULT CHARSET=utf8 COLLATE=utf8_unicode_ci;

--
-- 資料表的匯出資料 `user`
--

INSERT INTO `user` (`user_id`, `username`, `password`, `gender`, `phone_number`, `register_time`, `user_address`) VALUES
(1, 'Bosen', 'FFW', 0, '0987654321', '2019-01-02 20:00:00', '台北土城'),
(2, 'test', '123', 0, '0987654321', '2019-01-15 00:00:00', '台南東區');

-- --------------------------------------------------------

--
-- 資料表結構 `user_order`
--

CREATE TABLE `user_order` (
  `id` int(20) NOT NULL,
  `sender_id` varchar(32) NOT NULL,
  `receiver_id` varchar(32) NOT NULL,
  `container_id` int(20) NOT NULL,
  `in_time` datetime NOT NULL,
  `out_time` datetime NOT NULL,
  `truck_id` int(20) NOT NULL,
  `status` int(20) NOT NULL DEFAULT '0',
  `weight` double NOT NULL,
  `cargo_content` varchar(32) DEFAULT NULL,
  `size` int(20) NOT NULL,
  `price` int(20) NOT NULL
) ENGINE=InnoDB DEFAULT CHARSET=utf8;

--
-- 資料表的匯出資料 `user_order`
--

INSERT INTO `user_order` (`id`, `sender_id`, `receiver_id`, `container_id`, `in_time`, `out_time`, `truck_id`, `status`, `weight`, `cargo_content`, `size`, `price`) VALUES
(4, '2', '5', -99, '2019-05-08 21:32:18', '2019-05-08 21:32:18', 0, 0, 153.45, '周杰倫', 1, 5600);

--
-- 已匯出資料表的索引
--

--
-- 資料表索引 `container`
--
ALTER TABLE `container`
  ADD PRIMARY KEY (`id`);

--
-- 資料表索引 `county`
--
ALTER TABLE `county`
  ADD PRIMARY KEY (`id`);

--
-- 資料表索引 `township`
--
ALTER TABLE `township`
  ADD PRIMARY KEY (`id`),
  ADD KEY `FK` (`county_id`);

--
-- 資料表索引 `truck`
--
ALTER TABLE `truck`
  ADD PRIMARY KEY (`id`);

--
-- 資料表索引 `user`
--
ALTER TABLE `user`
  ADD PRIMARY KEY (`user_id`);

--
-- 資料表索引 `user_order`
--
ALTER TABLE `user_order`
  ADD PRIMARY KEY (`id`);

--
-- 在匯出的資料表使用 AUTO_INCREMENT
--

--
-- 使用資料表 AUTO_INCREMENT `container`
--
ALTER TABLE `container`
  MODIFY `id` int(20) NOT NULL AUTO_INCREMENT;

--
-- 使用資料表 AUTO_INCREMENT `county`
--
ALTER TABLE `county`
  MODIFY `id` int(20) NOT NULL AUTO_INCREMENT, AUTO_INCREMENT=21;

--
-- 使用資料表 AUTO_INCREMENT `township`
--
ALTER TABLE `township`
  MODIFY `id` int(20) NOT NULL AUTO_INCREMENT, AUTO_INCREMENT=363;

--
-- 使用資料表 AUTO_INCREMENT `truck`
--
ALTER TABLE `truck`
  MODIFY `id` int(20) NOT NULL AUTO_INCREMENT;

--
-- 使用資料表 AUTO_INCREMENT `user`
--
ALTER TABLE `user`
  MODIFY `user_id` bigint(20) NOT NULL AUTO_INCREMENT, AUTO_INCREMENT=3;

--
-- 使用資料表 AUTO_INCREMENT `user_order`
--
ALTER TABLE `user_order`
  MODIFY `id` int(20) NOT NULL AUTO_INCREMENT, AUTO_INCREMENT=5;

--
-- 已匯出資料表的限制(Constraint)
--

--
-- 資料表的 Constraints `township`
--
ALTER TABLE `township`
  ADD CONSTRAINT `FK` FOREIGN KEY (`county_id`) REFERENCES `county` (`id`) ON DELETE CASCADE ON UPDATE CASCADE;
COMMIT;

/*!40101 SET CHARACTER_SET_CLIENT=@OLD_CHARACTER_SET_CLIENT */;
/*!40101 SET CHARACTER_SET_RESULTS=@OLD_CHARACTER_SET_RESULTS */;
/*!40101 SET COLLATION_CONNECTION=@OLD_COLLATION_CONNECTION */;
